{"waveSize":7,"type":[0,0,0,0,0,1,0],"enumTypes":[],"waveTypes":["Assets/Prefabs/Formations/Hexagon/BumbleBee-Hexagon.prefab","Assets/Prefabs/Formations/Circle/UFO-Circle.prefab","Assets/Prefabs/Formations/Square/BumbleBee-Square.prefab","Assets/Prefabs/Formations/Pentagon/FastShip-Pentagon.prefab","Assets/Prefabs/Formations/Triangle/SmallShip-Triangle.prefab","Assets/Prefabs/Formations/Boss/bossMaybe.prefab","Assets/Prefabs/Formations/Hexagon/BumbleBee-Hexagon.prefab"],"formationEnemyCount":[3,3,3,3,3,3,1],"spawnValueYPos":[3.4000000953674318,3.4000000953674318,3.4000000953674318,3.4000000953674318,3.4000000953674318,3.4000000953674318,3.4000000953674318],"spawnWaitTime":[3.4000000953674318,3.4000000953674318,3.4000000953674318,3.4000000953674318,3.4000000953674318,3.4000000953674318,3.4000000953674318]}